GEO_ID,NAME,totalHHS,hascomputer,dialup,broadband,nointernet,nocomputer,totalpopover16,laborforceparticipationrate,unemploymentrate,popabove20underpoverty
1400000US53033000100,"Census Tract 1, King County, Washington",3899,3546,0,3333,213,353,6825,67.5,6.9,16.9
1400000US53033000200,"Census Tract 2, King County, Washington",3693,3563,0,3225,338,130,7260,68,5.9,14.3
1400000US53033000300,"Census Tract 3, King County, Washington",1159,1140,0,1103,37,19,2517,74.1,0.7,9.2
1400000US53033000401,"Census Tract 4.01, King County, Washington",3842,3244,0,2931,313,598,6010,61.4,3,11
1400000US53033000402,"Census Tract 4.02, King County, Washington",2373,2151,15,1959,177,222,4801,67.7,3.5,11.1
1400000US53033000500,"Census Tract 5, King County, Washington",1268,1233,17,1197,19,35,2612,63.7,1.1,100
1400000US53033000600,"Census Tract 6, King County, Washington",3431,3146,0,2844,302,285,6684,71,2.9,8.7
1400000US53033000700,"Census Tract 7, King County, Washington",2249,2126,0,1920,206,123,4493,74,3.7,16.6
1400000US53033000800,"Census Tract 8, King County, Washington",1116,1057,0,1047,10,59,2362,67,4.4,24.5
1400000US53033000900,"Census Tract 9, King County, Washington",861,833,0,813,20,28,1723,65.8,4.1,32
1400000US53033001000,"Census Tract 10, King County, Washington",769,726,0,690,36,43,1610,69.7,8.8,44.8
1400000US53033001100,"Census Tract 11, King County, Washington",1039,992,0,919,73,47,2333,68.2,2.5,12
1400000US53033001200,"Census Tract 12, King County, Washington",3762,3294,0,3060,234,468,6084,62.7,7.5,34.3
1400000US53033001300,"Census Tract 13, King County, Washington",2333,2146,0,2017,129,187,4205,75.9,3,21.4
1400000US53033001400,"Census Tract 14, King County, Washington",2386,2276,0,2189,87,110,4795,81.1,2.9,0
1400000US53033001500,"Census Tract 15, King County, Washington",1147,1088,16,1035,37,59,2338,68.8,2,100
1400000US53033001600,"Census Tract 16, King County, Washington",1873,1807,0,1734,73,66,3846,69.4,4,41.3
1400000US53033001701,"Census Tract 17.01, King County, Washington",2016,1936,0,1871,65,80,3547,82.3,5.9,38.2
1400000US53033001702,"Census Tract 17.02, King County, Washington",2356,2213,0,2058,155,143,4328,71.2,2.9,0
1400000US53033001800,"Census Tract 18, King County, Washington",2311,2262,0,2181,81,49,4534,85.4,3.7,2.4
1400000US53033001900,"Census Tract 19, King County, Washington",2286,2148,0,2002,146,138,4356,74.4,4,29.7
1400000US53033002000,"Census Tract 20, King County, Washington",1648,1547,0,1456,91,101,3175,75,3.6,32.2
1400000US53033002100,"Census Tract 21, King County, Washington",1771,1754,7,1652,95,17,3560,77.4,4.7,75.4
1400000US53033002200,"Census Tract 22, King County, Washington",2338,2248,0,2212,36,90,4707,66.3,4.6,28.3
1400000US53033002400,"Census Tract 24, King County, Washington",1295,1261,8,1226,27,34,2553,72.4,5.9,38.3
1400000US53033002500,"Census Tract 25, King County, Washington",1318,1235,0,1153,82,83,2723,69.9,3.3,13.6
1400000US53033002600,"Census Tract 26, King County, Washington",1946,1894,20,1855,19,52,4149,72.8,4.9,31.2
1400000US53033002700,"Census Tract 27, King County, Washington",2459,2408,0,2266,142,51,5369,77.4,0.8,0
1400000US53033002800,"Census Tract 28, King County, Washington",2160,2130,0,2093,37,30,4019,80.2,2.3,15.2
1400000US53033002900,"Census Tract 29, King County, Washington",1967,1922,0,1822,100,45,3798,77.5,4.8,39.5
1400000US53033003000,"Census Tract 30, King County, Washington",2627,2475,0,2429,46,152,5013,77,3.7,0
1400000US53033003100,"Census Tract 31, King County, Washington",2778,2694,0,2672,22,84,5085,72.7,4.1,32.1
1400000US53033003200,"Census Tract 32, King County, Washington",4402,4201,14,4046,141,201,7748,74.9,1.6,0
1400000US53033003300,"Census Tract 33, King County, Washington",3382,3258,0,3181,77,124,6416,82.5,5.2,0
1400000US53033003400,"Census Tract 34, King County, Washington",1560,1524,0,1480,44,36,3045,81.8,4.1,7.8
1400000US53033003500,"Census Tract 35, King County, Washington",1921,1836,9,1768,59,85,3535,71.1,2.8,18.6
1400000US53033003600,"Census Tract 36, King County, Washington",3745,3516,35,3297,184,229,6263,74.6,3.3,5
1400000US53033003800,"Census Tract 38, King County, Washington",915,877,8,842,27,38,1887,71.6,2,19.5
1400000US53033003900,"Census Tract 39, King County, Washington",1202,1174,0,1174,0,28,2394,68.2,2.4,9.3
1400000US53033004000,"Census Tract 40, King County, Washington",1396,1366,0,1214,152,30,2541,69.8,3.7,22.9
1400000US53033004100,"Census Tract 41, King County, Washington",2957,2932,0,2692,240,25,6300,62.6,4,8.4
1400000US53033004200,"Census Tract 42, King County, Washington",3370,3284,0,3249,35,86,6768,69.9,3.7,9.4
1400000US53033004301,"Census Tract 43.01, King County, Washington",1458,1398,0,1329,69,60,3148,63.5,1.7,0
1400000US53033004302,"Census Tract 43.02, King County, Washington",1594,1502,0,1283,219,92,4045,52.9,10.8,20.1
1400000US53033004400,"Census Tract 44, King County, Washington",2757,2701,15,2472,214,56,7271,76,7.5,17.7
1400000US53033004500,"Census Tract 45, King County, Washington",1027,961,0,937,24,66,2858,75.8,5.1,24.4
1400000US53033004600,"Census Tract 46, King County, Washington",1420,1394,0,1386,8,26,2941,75.3,3.5,40.7
1400000US53033004700,"Census Tract 47, King County, Washington",5721,5387,0,5065,322,334,8827,84.5,3.1,13.2
1400000US53033004800,"Census Tract 48, King County, Washington",2212,2189,0,2130,59,23,4424,82.4,5,52.7
1400000US53033004900,"Census Tract 49, King County, Washington",3654,3610,16,3422,172,44,6667,85.9,2.5,11.9
1400000US53033005000,"Census Tract 50, King County, Washington",1994,1926,0,1857,69,68,3553,81.1,1.2,17.7
1400000US53033005100,"Census Tract 51, King County, Washington",1711,1697,0,1617,80,14,3064,78.3,3,32.3
1400000US53033005200,"Census Tract 52, King County, Washington",3075,2869,0,2596,273,206,6236,63.5,3.6,7.6
1400000US53033005301,"Census Tract 53.01, King County, Washington",3085,3045,12,2705,328,40,8134,52,9.2,4.4
1400000US53033005302,"Census Tract 53.02, King County, Washington",117,104,0,53,51,13,5320,32,17.6,0
1400000US53033005400,"Census Tract 54, King County, Washington",3291,3169,0,2962,207,122,5572,86.5,1.7,8.6
1400000US53033005600,"Census Tract 56, King County, Washington",2763,2713,29,2641,43,50,5430,61.8,4.8,45.3
1400000US53033005700,"Census Tract 57, King County, Washington",2856,2748,17,2711,20,108,5464,73.3,2.9,37.3
1400000US53033005801,"Census Tract 58.01, King County, Washington",2747,2685,18,2507,160,62,4658,85,2.9,5.3
1400000US53033005802,"Census Tract 58.02, King County, Washington",3037,2998,0,2810,188,39,5197,77.7,6.3,45.1
1400000US53033005900,"Census Tract 59, King County, Washington",2773,2647,17,2460,170,126,6841,72.1,4.2,8.3
1400000US53033006000,"Census Tract 60, King County, Washington",2650,2601,0,2535,66,49,5230,80,2.9,0
1400000US53033006100,"Census Tract 61, King County, Washington",2962,2920,0,2771,149,42,4879,78.4,1.2,18.2
1400000US53033006200,"Census Tract 62, King County, Washington",1665,1665,0,1644,21,0,3708,73.4,4.3,10.3
1400000US53033006300,"Census Tract 63, King County, Washington",2705,2639,0,2447,192,66,4950,60.2,3.4,0
1400000US53033006400,"Census Tract 64, King County, Washington",1369,1340,0,1288,52,29,2919,75.6,4.8,61.5
1400000US53033006500,"Census Tract 65, King County, Washington",2560,2546,15,2501,30,14,4374,81.9,3.5,2
1400000US53033006600,"Census Tract 66, King County, Washington",2341,2324,0,2263,61,17,4037,84.7,4,68.1
1400000US53033006700,"Census Tract 67, King County, Washington",5115,5009,0,4845,164,106,8951,82.2,3.7,24.4
1400000US53033006800,"Census Tract 68, King County, Washington",1442,1387,0,1304,83,55,2646,76.5,2.7,11.8
1400000US53033006900,"Census Tract 69, King County, Washington",2313,2280,0,2218,62,33,4219,71.9,1.2,21.1
1400000US53033007000,"Census Tract 70, King County, Washington",5104,4846,0,4571,275,258,7047,78.7,2.3,12.2
1400000US53033007100,"Census Tract 71, King County, Washington",3222,3123,0,2912,211,99,4700,83.3,1.5,9.2
1400000US53033007200,"Census Tract 72, King County, Washington",6672,6479,0,5896,583,193,9971,83.4,1.6,16
1400000US53033007300,"Census Tract 73, King County, Washington",4850,4440,0,4198,242,410,7154,78.6,7.3,43.4
1400000US53033007401,"Census Tract 74.01, King County, Washington",3842,3727,0,3627,100,115,5410,86.8,2.2,11.8
1400000US53033007402,"Census Tract 74.02, King County, Washington",3699,3449,20,3070,359,250,5403,83.6,2.8,12.7
1400000US53033007500,"Census Tract 75, King County, Washington",6221,6031,0,5517,514,190,8721,83.4,1.6,18.8
1400000US53033007600,"Census Tract 76, King County, Washington",2273,2195,0,2099,96,78,4038,77.9,4.5,45
1400000US53033007700,"Census Tract 77, King County, Washington",2450,2360,0,2277,83,90,4614,85.5,4.2,36.4
1400000US53033007800,"Census Tract 78, King County, Washington",2304,2247,0,2096,151,57,4693,69.4,1.4,0
1400000US53033007900,"Census Tract 79, King County, Washington",3430,3204,0,2928,276,226,5651,77.9,4.8,30.9
1400000US53033008001,"Census Tract 80.01, King County, Washington",4872,4705,0,4497,208,167,6976,83.4,5.1,29.3
1400000US53033008002,"Census Tract 80.02, King County, Washington",2566,2239,0,1863,376,327,3563,67.3,3,22.8
1400000US53033008100,"Census Tract 81, King County, Washington",2805,2327,0,2130,197,478,4533,60.6,6.5,49.3
1400000US53033008200,"Census Tract 82, King County, Washington",2855,2749,0,2492,257,106,4175,71.6,4.8,56.6
1400000US53033008300,"Census Tract 83, King County, Washington",2138,1910,0,1777,133,228,3195,77.5,1.4,23
1400000US53033008400,"Census Tract 84, King County, Washington",3345,3130,0,2817,313,215,4642,80.4,1.9,19.7
1400000US53033008500,"Census Tract 85, King County, Washington",1865,1592,0,1322,270,273,4097,32.8,3.9,8
1400000US53033008600,"Census Tract 86, King County, Washington",2308,2220,0,1890,330,88,5881,65.9,11.1,14.4
1400000US53033008700,"Census Tract 87, King County, Washington",1851,1716,0,1651,65,135,3917,80.5,3.7,19.7
1400000US53033008800,"Census Tract 88, King County, Washington",1671,1580,0,1436,144,91,3598,82.2,2.7,10.4
1400000US53033008900,"Census Tract 89, King County, Washington",2498,2426,0,2225,201,72,5288,76.9,2.5,0
1400000US53033009000,"Census Tract 90, King County, Washington",1798,1513,0,1320,193,285,3003,64.8,5.2,8.5
1400000US53033009100,"Census Tract 91, King County, Washington",1569,1213,27,1000,186,356,2327,62,6.2,14.3
1400000US53033009200,"Census Tract 92, King County, Washington",1895,1496,0,1168,328,399,2696,61,5.2,20
1400000US53033009300,"Census Tract 93, King County, Washington",1195,1072,0,1004,68,123,2463,74.1,2.8,16.3
1400000US53033009400,"Census Tract 94, King County, Washington",2941,2497,34,2219,244,444,6256,74,5,0
1400000US53033009500,"Census Tract 95, King County, Washington",2697,2615,16,2476,123,82,5241,74.2,4.7,0
1400000US53033009600,"Census Tract 96, King County, Washington",2849,2608,0,2542,66,241,5030,66.2,2.7,27.7
1400000US53033009701,"Census Tract 97.01, King County, Washington",3119,3032,16,2844,172,87,5345,72.2,1.8,0
1400000US53033009702,"Census Tract 97.02, King County, Washington",2339,2244,0,2182,62,95,4378,71.4,1.5,1.4
1400000US53033009800,"Census Tract 98, King County, Washington",3165,3052,0,2950,102,113,5912,73.9,3.6,17
1400000US53033009900,"Census Tract 99, King County, Washington",3096,3082,17,2867,198,14,5300,80,5.6,0
1400000US53033010001,"Census Tract 100.01, King County, Washington",1639,1458,0,1287,171,181,3674,68.6,11.7,12.7
1400000US53033010002,"Census Tract 100.02, King County, Washington",1860,1701,0,1547,154,159,4084,75,2.5,13.6
1400000US53033010100,"Census Tract 101, King County, Washington",3185,3020,18,2696,306,165,7252,69.4,4.4,23.8
1400000US53033010200,"Census Tract 102, King County, Washington",1974,1910,0,1861,49,64,3906,75.6,3,29.8
1400000US53033010300,"Census Tract 103, King County, Washington",2825,2483,0,2366,117,342,5713,74,9.6,33.1
1400000US53033010401,"Census Tract 104.01, King County, Washington",1441,1303,0,1230,73,138,3787,67.2,8,38.7
1400000US53033010402,"Census Tract 104.02, King County, Washington",1747,1611,38,1515,58,136,4229,72.5,4.9,0.6
1400000US53033010500,"Census Tract 105, King County, Washington",4410,4125,24,3931,170,285,7425,74.5,4.3,18.9
1400000US53033010600,"Census Tract 106, King County, Washington",3730,3490,0,3408,82,240,6972,73,2.7,18.5
1400000US53033010701,"Census Tract 107.01, King County, Washington",1546,1464,0,1390,74,82,2870,78,10.4,50
1400000US53033010702,"Census Tract 107.02, King County, Washington",1600,1462,0,1308,154,138,3300,62.6,7.5,12.8
1400000US53033010800,"Census Tract 108, King County, Washington",1890,1769,0,1675,94,121,3959,68.3,4.9,18.6
1400000US53033010900,"Census Tract 109, King County, Washington",593,555,10,508,37,38,1023,75.3,6,63.6
1400000US53033011001,"Census Tract 110.01, King County, Washington",1647,1285,21,1027,237,362,3638,49.5,7.5,31
1400000US53033011002,"Census Tract 110.02, King County, Washington",1382,1229,0,1089,140,153,3464,64.6,3.9,3.9
1400000US53033011101,"Census Tract 111.01, King County, Washington",1913,1602,0,1490,112,311,4661,67.9,10.1,47.8
1400000US53033011102,"Census Tract 111.02, King County, Washington",1601,1363,0,1333,30,238,3922,70.2,3.7,7.5
1400000US53033011200,"Census Tract 112, King County, Washington",1436,1211,16,1084,111,225,2796,74.9,11.1,35.8
1400000US53033011300,"Census Tract 113, King County, Washington",3021,2789,13,2383,393,232,5603,73,3.4,7.1
1400000US53033011401,"Census Tract 114.01, King County, Washington",1782,1682,19,1609,54,100,3665,74.5,4.1,19.3
1400000US53033011402,"Census Tract 114.02, King County, Washington",1999,1692,7,1561,124,307,3490,72.3,6.4,27.6
1400000US53033011500,"Census Tract 115, King County, Washington",1984,1929,0,1850,79,55,3745,79.7,3.5,33.9
1400000US53033011600,"Census Tract 116, King County, Washington",3163,2961,0,2926,35,202,5908,72.7,2.2,19.1
1400000US53033011700,"Census Tract 117, King County, Washington",1642,1568,9,1488,71,74,4527,62.8,6.5,30.1
1400000US53033011800,"Census Tract 118, King County, Washington",2866,2541,21,2370,150,325,6647,68,8.1,38.7
1400000US53033011900,"Census Tract 119, King County, Washington",2587,2512,0,2273,239,75,6178,75,5.6,4.9
1400000US53033012000,"Census Tract 120, King County, Washington",1532,1430,0,1381,49,102,2968,77.7,1.1,55.6
1400000US53033012100,"Census Tract 121, King County, Washington",1181,1158,0,1143,15,23,2169,68.1,2.8,40
1400000US53033020100,"Census Tract 201, King County, Washington",1286,1207,11,1099,97,79,2838,61.6,4.5,50
1400000US53033020200,"Census Tract 202, King County, Washington",2134,2026,0,1848,178,108,4372,53,2.7,49.2
1400000US53033020300,"Census Tract 203, King County, Washington",3146,2872,17,2703,152,274,5976,68.6,5.9,8.5
1400000US53033020401,"Census Tract 204.01, King County, Washington",1475,1421,0,1374,47,54,3126,71.8,5.1,12
1400000US53033020402,"Census Tract 204.02, King County, Washington",2234,2133,0,2050,83,101,4450,71.5,4.4,17.3
1400000US53033020500,"Census Tract 205, King County, Washington",2844,2728,0,2532,196,116,5577,71,6.2,19.6
1400000US53033020600,"Census Tract 206, King County, Washington",1318,1227,11,1184,32,91,2839,71.2,1.3,60
1400000US53033020700,"Census Tract 207, King County, Washington",1508,1424,0,1308,116,84,3243,68.3,5.5,17.5
1400000US53033020800,"Census Tract 208, King County, Washington",1778,1646,0,1596,50,132,3526,65.3,5.4,75
1400000US53033020900,"Census Tract 209, King County, Washington",1411,1319,3,1219,97,92,3149,67.3,6.1,28.3
1400000US53033021000,"Census Tract 210, King County, Washington",2158,2000,0,1950,50,158,5095,68,1.4,11.4
1400000US53033021100,"Census Tract 211, King County, Washington",1590,1528,0,1392,136,62,3745,69.3,3.9,34.6
1400000US53033021300,"Census Tract 213, King County, Washington",1756,1712,11,1652,49,44,3425,66.4,4.2,11
1400000US53033021400,"Census Tract 214, King County, Washington",1450,1431,9,1388,34,19,3230,64.9,5.6,46.3
1400000US53033021500,"Census Tract 215, King County, Washington",1744,1688,7,1620,61,56,3797,69.8,4.5,12.7
1400000US53033021600,"Census Tract 216, King County, Washington",1849,1815,10,1768,37,34,4194,72.1,4.1,10.4
1400000US53033021700,"Census Tract 217, King County, Washington",3651,3382,13,3282,87,269,6960,70.8,7.3,43.7
1400000US53033021802,"Census Tract 218.02, King County, Washington",2279,2177,0,2074,103,102,4500,76.3,5.2,17.4
1400000US53033021803,"Census Tract 218.03, King County, Washington",2090,2014,17,1900,97,76,3968,69.5,3.8,0
1400000US53033021804,"Census Tract 218.04, King County, Washington",1945,1836,10,1720,106,109,4245,66.6,3.9,4.1
1400000US53033021903,"Census Tract 219.03, King County, Washington",2501,2386,0,2273,113,115,5102,67.4,3.1,24.2
1400000US53033021904,"Census Tract 219.04, King County, Washington",1793,1708,8,1620,80,85,3967,71.2,2.1,29.5
1400000US53033021905,"Census Tract 219.05, King County, Washington",2238,2212,0,2145,67,26,4529,74.1,5.2,0
1400000US53033021906,"Census Tract 219.06, King County, Washington",1717,1675,0,1602,73,42,3469,71.2,3.9,0
1400000US53033022001,"Census Tract 220.01, King County, Washington",2323,2007,18,1879,110,316,4681,64.8,5.4,0
1400000US53033022003,"Census Tract 220.03, King County, Washington",1933,1891,0,1782,109,42,4167,74,4.5,58.6
1400000US53033022005,"Census Tract 220.05, King County, Washington",2195,2156,0,2109,47,39,3969,73.1,2.3,6.1
1400000US53033022006,"Census Tract 220.06, King County, Washington",1747,1709,8,1584,117,38,3278,67.6,3.6,1.2
1400000US53033022101,"Census Tract 221.01, King County, Washington",1795,1709,9,1640,60,86,3841,64.1,3.1,10
1400000US53033022102,"Census Tract 221.02, King County, Washington",2384,2344,0,2297,47,40,4938,71.1,3.5,0
1400000US53033022201,"Census Tract 222.01, King County, Washington",1700,1690,0,1626,64,10,3657,73.5,6,7.7
1400000US53033022202,"Census Tract 222.02, King County, Washington",3401,3302,50,3095,157,99,6353,76.8,4.8,27.1
1400000US53033022203,"Census Tract 222.03, King County, Washington",1842,1830,9,1791,30,12,3915,69.8,5.9,47.2
1400000US53033022300,"Census Tract 223, King County, Washington",1056,1048,0,1041,7,8,2290,60.9,3,0
1400000US53033022400,"Census Tract 224, King County, Washington",3682,3509,0,3413,96,173,7145,70.9,4,12.8
1400000US53033022500,"Census Tract 225, King County, Washington",3998,3726,0,3542,184,272,7025,68.4,2.2,22.6
1400000US53033022603,"Census Tract 226.03, King County, Washington",2499,2395,0,2258,137,104,5107,70.8,4,23.7
1400000US53033022604,"Census Tract 226.04, King County, Washington",1861,1831,11,1732,88,30,4159,73.3,4,32.8
1400000US53033022605,"Census Tract 226.05, King County, Washington",2595,2572,0,2438,134,23,5253,76.2,3.2,5.9
1400000US53033022606,"Census Tract 226.06, King County, Washington",2368,2302,0,2302,0,66,5029,68.5,3.6,70.5
1400000US53033022701,"Census Tract 227.01, King County, Washington",1615,1559,0,1451,108,56,2826,71.4,1.7,0
1400000US53033022702,"Census Tract 227.02, King County, Washington",1395,1369,0,1225,144,26,3543,64.4,1.7,12.3
1400000US53033022703,"Census Tract 227.03, King County, Washington",819,800,0,788,12,19,1812,67.2,4.6,16
1400000US53033022801,"Census Tract 228.01, King County, Washington",3950,3833,82,3578,173,117,7654,69.9,4.6,56.9
1400000US53033022802,"Census Tract 228.02, King County, Washington",2106,2056,7,2012,37,50,4241,69.3,5,31.1
1400000US53033022803,"Census Tract 228.03, King County, Washington",2479,2367,0,2294,73,112,4697,70.6,4.6,0
1400000US53033022901,"Census Tract 229.01, King County, Washington",1041,1041,0,1030,11,0,2358,62.3,7.2,41.2
1400000US53033022902,"Census Tract 229.02, King County, Washington",2409,2382,0,2260,122,27,5096,64.9,4.6,26.3
1400000US53033023000,"Census Tract 230, King County, Washington",2094,2068,12,1989,67,26,4593,62.4,4.5,31.1
1400000US53033023100,"Census Tract 231, King County, Washington",1437,1416,15,1379,22,21,3293,65.2,4.3,31.4
1400000US53033023201,"Census Tract 232.01, King County, Washington",2640,2530,0,2415,115,110,5536,74.3,3.7,48.9
1400000US53033023202,"Census Tract 232.02, King County, Washington",1876,1547,11,1367,169,329,3821,61.9,4.3,3.7
1400000US53033023300,"Census Tract 233, King County, Washington",2343,2272,36,2060,176,71,5443,66.7,5.8,5.3
1400000US53033023401,"Census Tract 234.01, King County, Washington",1569,1442,10,1330,102,127,3117,60.5,4.2,17.3
1400000US53033023403,"Census Tract 234.03, King County, Washington",1589,1570,0,1547,23,19,3411,65.6,6.4,63.8
1400000US53033023404,"Census Tract 234.04, King County, Washington",1182,1161,0,1108,53,21,2628,72.6,0.9,0
1400000US53033023500,"Census Tract 235, King County, Washington",1514,1504,6,1447,51,10,2987,67.6,3.1,3.4
1400000US53033023601,"Census Tract 236.01, King County, Washington",1786,1743,0,1695,48,43,3525,69.2,2.5,9.2
1400000US53033023603,"Census Tract 236.03, King County, Washington",2623,2538,0,2299,239,85,5662,72.8,3.4,30.7
1400000US53033023604,"Census Tract 236.04, King County, Washington",2639,2550,0,2421,129,89,5424,64.7,3.9,23.5
1400000US53033023700,"Census Tract 237, King County, Washington",1739,1698,0,1640,58,41,3588,72,4.4,31.8
1400000US53033023801,"Census Tract 238.01, King County, Washington",1358,1349,0,1297,52,9,2461,75.1,4.6,13.6
1400000US53033023803,"Census Tract 238.03, King County, Washington",3078,2982,0,2892,90,96,4997,69.1,5.4,31.7
1400000US53033023804,"Census Tract 238.04, King County, Washington",4426,4271,0,4186,85,155,6949,71.8,3.4,15.2
1400000US53033023900,"Census Tract 239, King County, Washington",2820,2739,2,2722,15,81,5517,65.8,3.7,11.8
1400000US53033024000,"Census Tract 240, King County, Washington",3361,3278,15,3191,72,83,6088,64.3,4.7,20.3
1400000US53033024100,"Census Tract 241, King County, Washington",1708,1682,7,1652,23,26,3820,55.8,4.5,0
1400000US53033024200,"Census Tract 242, King County, Washington",1184,1120,0,1106,14,64,2497,53.1,2.9,0
1400000US53033024300,"Census Tract 243, King County, Washington",4031,3650,0,3493,157,381,7271,64,5,47.7
1400000US53033024400,"Census Tract 244, King County, Washington",1355,1245,8,1158,79,110,2480,62.5,3.4,0
1400000US53033024500,"Census Tract 245, King County, Washington",1747,1747,6,1694,47,0,4033,64.1,2.1,0
1400000US53033024601,"Census Tract 246.01, King County, Washington",1645,1619,8,1602,9,26,3628,59.1,2.3,57.9
1400000US53033024602,"Census Tract 246.02, King County, Washington",1345,1322,0,1309,13,23,2835,56.7,3.5,57.6
1400000US53033024701,"Census Tract 247.01, King County, Washington",1404,1387,0,1377,10,17,3114,59.6,4.2,31.1
1400000US53033024702,"Census Tract 247.02, King County, Washington",2984,2814,0,2730,84,170,6417,68.6,4.5,42.3
1400000US53033024800,"Census Tract 248, King County, Washington",2164,2085,31,2024,30,79,4744,66.1,3.1,11.3
1400000US53033024901,"Census Tract 249.01, King County, Washington",1863,1840,0,1797,43,23,4293,61.3,2.6,18.5
1400000US53033024902,"Census Tract 249.02, King County, Washington",1335,1316,0,1302,14,19,3144,65.6,1.3,34.5
1400000US53033024903,"Census Tract 249.03, King County, Washington",2346,2346,0,2265,81,0,5785,61.6,4.1,86.7
1400000US53033025001,"Census Tract 250.01, King County, Washington",1927,1890,10,1821,59,37,4104,68.9,3.5,10.3
1400000US53033025003,"Census Tract 250.03, King County, Washington",2603,2536,19,2517,0,67,5662,64.4,1.8,-
1400000US53033025005,"Census Tract 250.05, King County, Washington",1981,1913,10,1854,49,68,4062,72.7,3.5,75.9
1400000US53033025006,"Census Tract 250.06, King County, Washington",2429,2412,12,2328,72,17,4949,73.2,2.7,48.4
1400000US53033025101,"Census Tract 251.01, King County, Washington",2129,2060,0,1994,66,69,5233,67.8,4.2,0
1400000US53033025102,"Census Tract 251.02, King County, Washington",2826,2714,0,2631,83,112,5939,72.5,4.2,53.6
1400000US53033025200,"Census Tract 252, King County, Washington",3311,3115,0,3003,112,196,7243,71.9,4,16
1400000US53033025301,"Census Tract 253.01, King County, Washington",3088,3003,0,2917,86,85,5532,81.3,4.2,30.4
1400000US53033025302,"Census Tract 253.02, King County, Washington",2739,2324,27,2026,271,415,4495,63.1,4.7,13.5
1400000US53033025400,"Census Tract 254, King County, Washington",3044,2795,14,2625,156,249,6128,71,8.1,41.7
1400000US53033025500,"Census Tract 255, King County, Washington",1963,1826,0,1755,71,137,3972,72.4,4.8,18.2
1400000US53033025601,"Census Tract 256.01, King County, Washington",1982,1896,9,1819,68,86,4362,70.8,3.5,0
1400000US53033025602,"Census Tract 256.02, King County, Washington",2113,2058,0,1994,64,55,4965,69.6,2.5,15.8
1400000US53033025701,"Census Tract 257.01, King County, Washington",2966,2805,0,2567,238,161,5189,77.8,5.7,3.6
1400000US53033025702,"Census Tract 257.02, King County, Washington",1271,1254,9,1185,60,17,2918,73,3.8,28.2
1400000US53033025803,"Census Tract 258.03, King County, Washington",1712,1606,9,1471,126,106,3780,72.7,2.5,13
1400000US53033025804,"Census Tract 258.04, King County, Washington",1142,1116,0,1074,42,26,2897,62.6,2.4,13.4
1400000US53033025805,"Census Tract 258.05, King County, Washington",2009,1983,0,1817,166,26,4297,74.9,3.4,16.1
1400000US53033025806,"Census Tract 258.06, King County, Washington",1827,1731,0,1647,84,96,4025,67.6,3.8,24.8
1400000US53033026001,"Census Tract 260.01, King County, Washington",2118,1991,10,1950,31,127,4861,66.4,3.6,54.8
1400000US53033026002,"Census Tract 260.02, King County, Washington",3061,2819,0,2523,296,242,6603,63,5.1,30.6
1400000US53033026100,"Census Tract 261, King County, Washington",2914,2661,0,2481,180,253,6438,70.7,2.9,13
1400000US53033026200,"Census Tract 262, King County, Washington",2243,2153,0,2003,150,90,4804,80.8,9.1,55.1
1400000US53033026300,"Census Tract 263, King County, Washington",547,515,0,475,40,32,1309,71,10.6,23.5
1400000US53033026400,"Census Tract 264, King County, Washington",2449,2119,0,2024,95,330,4898,71.7,5.5,35.7
1400000US53033026500,"Census Tract 265, King County, Washington",1509,1220,0,1051,169,289,3296,65.5,10.1,28
1400000US53033026600,"Census Tract 266, King County, Washington",913,873,0,808,65,40,2010,76.4,1.2,0
1400000US53033026700,"Census Tract 267, King County, Washington",1944,1818,25,1634,159,126,4165,63.2,9.7,20.5
1400000US53033026801,"Census Tract 268.01, King County, Washington",2159,1843,0,1738,105,316,4740,70.5,6.9,31.5
1400000US53033026802,"Census Tract 268.02, King County, Washington",1808,1630,10,1518,102,178,4338,69,5.3,22.3
1400000US53033027000,"Census Tract 270, King County, Washington",1171,1094,0,1032,62,77,2671,66.4,4.8,11.5
1400000US53033027100,"Census Tract 271, King County, Washington",1280,1133,0,996,137,147,2799,61.2,1.5,3
1400000US53033027200,"Census Tract 272, King County, Washington",827,754,0,691,63,73,2038,69.3,8.8,32.7
1400000US53033027300,"Census Tract 273, King County, Washington",1831,1753,0,1630,123,78,4488,67,9,21.2
1400000US53033027400,"Census Tract 274, King County, Washington",1801,1615,19,1561,35,186,4248,68.8,5.6,53.8
1400000US53033027500,"Census Tract 275, King County, Washington",1751,1528,8,1394,126,223,3950,66.6,2.6,12.9
1400000US53033027600,"Census Tract 276, King County, Washington",1704,1626,16,1489,121,78,3675,70.8,2.7,0
1400000US53033027701,"Census Tract 277.01, King County, Washington",2166,2039,0,1987,52,127,4179,62.7,1.4,10.5
1400000US53033027702,"Census Tract 277.02, King County, Washington",2335,2303,16,2157,130,32,4356,60.4,2.7,39.4
1400000US53033027800,"Census Tract 278, King County, Washington",1413,1381,16,1303,62,32,2893,59,4.8,55
1400000US53033027900,"Census Tract 279, King County, Washington",3206,3015,0,2858,157,191,6273,75.5,8.2,63.6
1400000US53033028000,"Census Tract 280, King County, Washington",1604,1483,16,1395,72,121,3440,68.7,4.1,11.1
1400000US53033028100,"Census Tract 281, King County, Washington",813,706,7,634,65,107,2150,76.7,7.1,6.8
1400000US53033028200,"Census Tract 282, King County, Washington",1806,1614,0,1422,192,192,3892,74,4.7,3.3
1400000US53033028300,"Census Tract 283, King County, Washington",1958,1935,10,1839,86,23,4304,77.1,8.2,27.5
1400000US53033028402,"Census Tract 284.02, King County, Washington",1725,1563,13,1427,123,162,4089,69.7,5,34.8
1400000US53033028403,"Census Tract 284.03, King County, Washington",2105,1973,24,1816,133,132,4536,57.3,0.7,1.1
1400000US53033028500,"Census Tract 285, King County, Washington",1666,1498,0,1461,37,168,3330,72.1,4.1,0
1400000US53033028600,"Census Tract 286, King County, Washington",2837,2539,0,2383,156,298,5518,63.4,4.2,22.5
1400000US53033028700,"Census Tract 287, King County, Washington",1795,1727,0,1681,46,68,4313,67.5,7.7,25.3
1400000US53033028801,"Census Tract 288.01, King County, Washington",789,687,0,658,29,102,2720,46.2,5.2,13.8
1400000US53033028802,"Census Tract 288.02, King County, Washington",2272,2124,0,2023,101,148,4817,75.6,1.2,1.6
1400000US53033028901,"Census Tract 289.01, King County, Washington",1609,1513,0,1452,61,96,2852,71.1,7.4,30.4
1400000US53033028902,"Census Tract 289.02, King County, Washington",2451,2345,0,2222,123,106,5757,67.4,6.8,0
1400000US53033029001,"Census Tract 290.01, King County, Washington",2001,1873,12,1770,91,128,3917,52.5,1.2,8
1400000US53033029003,"Census Tract 290.03, King County, Washington",2008,1991,13,1854,124,17,4400,68,3.8,32.3
1400000US53033029004,"Census Tract 290.04, King County, Washington",1323,1098,0,980,118,225,2797,65.8,9,25.2
1400000US53033029101,"Census Tract 291.01, King County, Washington",1134,1082,7,1025,50,52,2445,72.9,11.6,22
1400000US53033029102,"Census Tract 291.02, King County, Washington",1303,1258,10,1189,59,45,3590,63.8,3.2,10.5
1400000US53033029203,"Census Tract 292.03, King County, Washington",1295,1063,0,937,126,232,3370,34.5,3.4,32.7
1400000US53033029204,"Census Tract 292.04, King County, Washington",2474,2350,0,2299,51,124,5592,71.8,4.7,19.1
1400000US53033029205,"Census Tract 292.05, King County, Washington",2025,1923,0,1876,47,102,3981,77.1,4.2,20.9
1400000US53033029206,"Census Tract 292.06, King County, Washington",1981,1542,15,1395,132,439,3424,65.8,10.9,24.6
1400000US53033029303,"Census Tract 293.03, King County, Washington",3050,2801,0,2713,88,249,6010,65.3,3.1,2.3
1400000US53033029304,"Census Tract 293.04, King County, Washington",1918,1901,6,1792,103,17,4386,67.1,4.4,0
1400000US53033029305,"Census Tract 293.05, King County, Washington",1346,1341,0,1316,25,5,3526,72.7,4.2,26.5
1400000US53033029306,"Census Tract 293.06, King County, Washington",1266,1197,0,1073,124,69,3001,71.9,2.7,7.9
1400000US53033029307,"Census Tract 293.07, King County, Washington",1281,1240,0,1240,0,41,3352,66.6,2.7,2.3
1400000US53033029403,"Census Tract 294.03, King County, Washington",1902,1803,0,1748,55,99,4727,67.2,8.9,10.9
1400000US53033029405,"Census Tract 294.05, King County, Washington",1750,1733,0,1726,7,17,4696,70.1,6.7,28.3
1400000US53033029406,"Census Tract 294.06, King County, Washington",1618,1608,9,1548,51,10,4022,73.5,8.2,23.5
1400000US53033029407,"Census Tract 294.07, King County, Washington",1570,1521,7,1358,156,49,3554,63.6,9.6,44.1
1400000US53033029408,"Census Tract 294.08, King County, Washington",1497,1419,0,1342,77,78,3304,72.8,2.9,8.3
1400000US53033029502,"Census Tract 295.02, King County, Washington",2140,2066,0,1971,95,74,5803,72,2.9,9.2
1400000US53033029503,"Census Tract 295.03, King County, Washington",2894,2611,0,2352,259,283,6549,68.3,4.4,15.5
1400000US53033029504,"Census Tract 295.04, King County, Washington",2005,1908,0,1759,149,97,4634,69.9,11.5,51.6
1400000US53033029601,"Census Tract 296.01, King County, Washington",2059,1999,43,1899,57,60,5201,66.3,5.9,21.1
1400000US53033029602,"Census Tract 296.02, King County, Washington",1940,1867,22,1821,24,73,4849,72.8,4.7,16.7
1400000US53033029700,"Census Tract 297, King County, Washington",2877,2475,0,2247,228,402,6362,58.7,6.2,25.9
1400000US53033029801,"Census Tract 298.01, King County, Washington",3115,2994,0,2851,143,121,7739,72.4,6,33.6
1400000US53033029802,"Census Tract 298.02, King County, Washington",3031,2920,0,2862,58,111,7239,66.2,3.7,26.4
1400000US53033029901,"Census Tract 299.01, King County, Washington",1543,1532,11,1489,32,11,3697,67,3.9,53.7
1400000US53033029902,"Census Tract 299.02, King County, Washington",1448,1405,0,1382,23,43,3460,62,2,0
1400000US53033030003,"Census Tract 300.03, King County, Washington",2397,2304,0,2210,94,93,5124,65.3,5,0.9
1400000US53033030004,"Census Tract 300.04, King County, Washington",3276,3124,0,2857,267,152,6780,74.7,7.8,34
1400000US53033030005,"Census Tract 300.05, King County, Washington",1875,1861,12,1722,127,14,4468,70.4,5.1,11.4
1400000US53033030006,"Census Tract 300.06, King County, Washington",1613,1275,0,1097,178,338,3329,63.5,5.5,11.3
1400000US53033030100,"Census Tract 301, King County, Washington",2959,2765,0,2707,58,194,6258,61.4,5.8,27.6
1400000US53033030201,"Census Tract 302.01, King County, Washington",1993,1871,8,1740,123,122,4284,68.9,4.5,61.1
1400000US53033030202,"Census Tract 302.02, King County, Washington",2474,2286,0,2108,178,188,5446,67.1,5.8,7.2
1400000US53033030304,"Census Tract 303.04, King County, Washington",1253,1181,0,1135,46,72,2937,65.6,1.8,19.1
1400000US53033030305,"Census Tract 303.05, King County, Washington",2073,2020,0,1844,176,53,4233,60.1,2.7,34.1
1400000US53033030306,"Census Tract 303.06, King County, Washington",1819,1750,0,1686,64,69,4496,66.1,8.2,49
1400000US53033030308,"Census Tract 303.08, King County, Washington",2392,2322,0,2139,183,70,5380,69.6,6.3,0
1400000US53033030309,"Census Tract 303.09, King County, Washington",2514,2489,0,2409,80,25,4842,76.1,6.6,20.8
1400000US53033030310,"Census Tract 303.10, King County, Washington",2086,1962,52,1829,81,124,4791,71,4.3,0
1400000US53033030311,"Census Tract 303.11, King County, Washington",1649,1533,0,1427,106,116,4098,70.2,7.4,21.9
1400000US53033030312,"Census Tract 303.12, King County, Washington",1767,1674,18,1426,230,93,3818,70.5,12.2,25.2
1400000US53033030313,"Census Tract 303.13, King County, Washington",1700,1498,0,1451,47,202,3404,63,6.4,17.5
1400000US53033030314,"Census Tract 303.14, King County, Washington",1956,1801,20,1429,352,155,3791,53.4,14.2,23.4
1400000US53033030401,"Census Tract 304.01, King County, Washington",3316,3144,24,3042,78,172,7562,68.3,8.4,20.9
1400000US53033030403,"Census Tract 304.03, King County, Washington",1758,1678,0,1600,78,80,3822,58.6,2.7,26.1
1400000US53033030404,"Census Tract 304.04, King County, Washington",1616,1570,0,1500,70,46,3947,68.9,4.8,13.2
1400000US53033030501,"Census Tract 305.01, King County, Washington",1004,803,0,688,115,201,1676,45.4,6.3,26.2
1400000US53033030503,"Census Tract 305.03, King County, Washington",2181,1757,0,1685,72,424,4179,57,6.8,0
1400000US53033030504,"Census Tract 305.04, King County, Washington",1977,1770,8,1646,116,207,3754,62.3,8,27.8
1400000US53033030600,"Census Tract 306, King County, Washington",2027,1764,0,1622,142,263,4242,69.9,2.1,15
1400000US53033030700,"Census Tract 307, King County, Washington",1633,1430,0,1281,149,203,3139,62.1,10.8,28.3
1400000US53033030801,"Census Tract 308.01, King County, Washington",2325,2175,0,2147,28,150,4827,65.9,8.1,29.6
1400000US53033030802,"Census Tract 308.02, King County, Washington",1372,1280,42,1141,97,92,2715,66.3,5.3,43.6
1400000US53033030901,"Census Tract 309.01, King County, Washington",1101,1032,12,980,40,69,2812,72.8,8,16.9
1400000US53033030902,"Census Tract 309.02, King County, Washington",2090,1872,18,1746,108,218,4983,68,1.9,6.9
1400000US53033031000,"Census Tract 310, King County, Washington",1553,1498,19,1470,9,55,3435,76.3,5.2,0
1400000US53033031100,"Census Tract 311, King County, Washington",2748,2534,25,2372,137,214,6071,67,7.4,16.2
1400000US53033031202,"Census Tract 312.02, King County, Washington",2150,1984,28,1678,278,166,5024,58.8,5.7,46.3
1400000US53033031204,"Census Tract 312.04, King County, Washington",2301,2197,0,2129,68,104,4969,63.2,3.8,59.4
1400000US53033031205,"Census Tract 312.05, King County, Washington",2401,2388,0,2311,77,13,5533,78.5,11.4,33.5
1400000US53033031206,"Census Tract 312.06, King County, Washington",1779,1712,9,1659,44,67,4406,52.7,7.9,29.3
1400000US53033031301,"Census Tract 313.01, King County, Washington",938,848,13,771,64,90,2130,52.7,7.2,26.9
1400000US53033031302,"Census Tract 313.02, King County, Washington",1738,1582,10,1477,95,156,3288,67.3,4,38.6
1400000US53033031400,"Census Tract 314, King County, Washington",2570,2277,0,2142,135,293,4911,69.5,6.4,20.3
1400000US53033031501,"Census Tract 315.01, King County, Washington",1467,1380,0,1360,20,87,3204,70,2.6,0
1400000US53033031502,"Census Tract 315.02, King County, Washington",1738,1585,16,1464,105,153,3514,58.4,1.7,45.6
1400000US53033031601,"Census Tract 316.01, King County, Washington",1963,1948,0,1904,44,15,4357,71.7,1.7,0
1400000US53033031603,"Census Tract 316.03, King County, Washington",2196,1947,0,1857,90,249,4748,67.5,4.2,21.3
1400000US53033031604,"Census Tract 316.04, King County, Washington",1817,1749,0,1728,21,68,3866,77.9,5.5,29.1
1400000US53033031605,"Census Tract 316.05, King County, Washington",1509,1432,0,1374,58,77,3333,68.8,2.7,0
1400000US53033031703,"Census Tract 317.03, King County, Washington",2492,2427,16,2327,84,65,5742,64.5,4.2,20.8
1400000US53033031704,"Census Tract 317.04, King County, Washington",1743,1701,9,1631,61,42,4532,67.7,4,34.7
1400000US53033031705,"Census Tract 317.05, King County, Washington",1425,1390,0,1331,59,35,3442,70.4,4.3,0
1400000US53033031706,"Census Tract 317.06, King County, Washington",2724,2643,0,2390,253,81,6081,71.1,3.2,20.1
1400000US53033031800,"Census Tract 318, King County, Washington",1657,1555,0,1531,24,102,3830,67.9,6.2,34.5
1400000US53033031903,"Census Tract 319.03, King County, Washington",2386,2307,0,2238,69,79,5532,70.1,4.9,11.4
1400000US53033031904,"Census Tract 319.04, King County, Washington",1316,1285,4,1232,49,31,2672,67.8,6.1,14.1
1400000US53033031906,"Census Tract 319.06, King County, Washington",1466,1428,0,1402,26,38,3246,60.6,7.2,48.6
1400000US53033031907,"Census Tract 319.07, King County, Washington",2838,2777,19,2697,61,61,6317,71.6,7,15.7
1400000US53033031908,"Census Tract 319.08, King County, Washington",1910,1803,0,1765,38,107,3581,74.9,10.1,55.7
1400000US53033031909,"Census Tract 319.09, King County, Washington",1156,1116,0,1088,28,40,2513,68.9,4.6,23.3
1400000US53033032002,"Census Tract 320.02, King County, Washington",1203,1082,9,1056,17,121,2496,55.2,1.7,0
1400000US53033032003,"Census Tract 320.03, King County, Washington",1990,1920,0,1784,136,70,4494,68.8,2.2,30.5
1400000US53033032005,"Census Tract 320.05, King County, Washington",2467,2351,0,2333,18,116,5610,76.7,5.4,69.2
1400000US53033032006,"Census Tract 320.06, King County, Washington",2012,1958,0,1907,51,54,4508,60,6.8,12.9
1400000US53033032007,"Census Tract 320.07, King County, Washington",1264,1223,8,1190,25,41,2672,72.8,5.7,0
1400000US53033032008,"Census Tract 320.08, King County, Washington",1569,1536,0,1514,22,33,3486,72.5,8.1,0
1400000US53033032010,"Census Tract 320.10, King County, Washington",2145,2062,0,2014,48,83,4220,71.1,4.4,51.5
1400000US53033032011,"Census Tract 320.11, King County, Washington",1450,1388,0,1372,16,62,3107,74.8,3,66.1
1400000US53033032102,"Census Tract 321.02, King County, Washington",1815,1777,0,1704,73,38,4163,63.5,4.7,0
1400000US53033032103,"Census Tract 321.03, King County, Washington",2284,2179,0,2078,101,105,4301,74.9,2.4,10
1400000US53033032104,"Census Tract 321.04, King County, Washington",2471,2403,0,2355,48,68,5209,67.2,5.5,1.1
1400000US53033032203,"Census Tract 322.03, King County, Washington",2773,2773,0,2609,164,0,5981,64.9,3.8,17.9
1400000US53033032207,"Census Tract 322.07, King County, Washington",1297,1297,0,1257,40,0,2886,69.6,2.1,0
1400000US53033032208,"Census Tract 322.08, King County, Washington",4214,4072,15,3889,168,142,7989,54.9,3.6,0
1400000US53033032210,"Census Tract 322.10, King County, Washington",5530,5450,0,5197,253,80,10840,77.9,5.5,20.1
1400000US53033032211,"Census Tract 322.11, King County, Washington",1750,1731,0,1719,12,19,3907,68,2.5,32.1
1400000US53033032212,"Census Tract 322.12, King County, Washington",2804,2779,0,2767,12,25,6150,76,5.3,0
1400000US53033032213,"Census Tract 322.13, King County, Washington",1506,1473,0,1453,20,33,3281,70.9,1.2,0
1400000US53033032214,"Census Tract 322.14, King County, Washington",2056,2032,0,2003,29,24,4703,69.4,4,100
1400000US53033032215,"Census Tract 322.15, King County, Washington",1590,1566,13,1542,11,24,3694,68.4,1.4,25.8
1400000US53033032307,"Census Tract 323.07, King County, Washington",2167,2127,0,2037,90,40,4761,64.8,3.9,0
1400000US53033032309,"Census Tract 323.09, King County, Washington",4152,3960,0,3798,162,192,6946,77.9,3.8,30.6
1400000US53033032311,"Census Tract 323.11, King County, Washington",2190,2137,35,2054,48,53,5358,65,5.2,34
1400000US53033032313,"Census Tract 323.13, King County, Washington",2534,2443,20,2352,71,91,4972,74.2,2.6,0
1400000US53033032315,"Census Tract 323.15, King County, Washington",2042,2001,0,1981,20,41,4208,70.5,4.3,43.5
1400000US53033032316,"Census Tract 323.16, King County, Washington",1914,1906,0,1857,49,8,3983,69.3,2.1,0
1400000US53033032317,"Census Tract 323.17, King County, Washington",2173,2134,0,2103,31,39,4891,67.8,3.4,0
1400000US53033032318,"Census Tract 323.18, King County, Washington",2150,2132,41,2074,17,18,4743,73.1,2.5,0
1400000US53033032319,"Census Tract 323.19, King County, Washington",2763,2429,0,2184,245,334,4911,64.8,3.1,28.6
1400000US53033032320,"Census Tract 323.20, King County, Washington",1559,1519,7,1469,43,40,3538,64.9,1.9,0
1400000US53033032321,"Census Tract 323.21, King County, Washington",2005,2005,0,1989,16,0,4596,70.3,4.9,20.4
1400000US53033032322,"Census Tract 323.22, King County, Washington",1195,1185,0,1185,0,10,2759,67.8,1.7,0
1400000US53033032323,"Census Tract 323.23, King County, Washington",2209,2117,0,2057,60,92,4489,66.3,3.4,0
1400000US53033032324,"Census Tract 323.24, King County, Washington",2170,2089,0,2034,55,81,4296,67.9,2.2,0
1400000US53033032325,"Census Tract 323.25, King County, Washington",2241,2203,0,2203,0,38,4320,73.2,3.8,53.1
1400000US53033032326,"Census Tract 323.26, King County, Washington",1368,1315,0,1170,145,53,3091,61.3,5,23.8
1400000US53033032327,"Census Tract 323.27, King County, Washington",2025,1991,0,1916,75,34,3861,34.7,5.8,-
1400000US53033032328,"Census Tract 323.28, King County, Washington",1116,1096,0,1072,24,20,2563,71.5,3.6,100
1400000US53033032329,"Census Tract 323.29, King County, Washington",3052,3015,18,2922,75,37,6271,66.9,2.3,0
1400000US53033032401,"Census Tract 324.01, King County, Washington",2169,2132,0,2008,124,37,4716,74.3,4.5,59.4
1400000US53033032402,"Census Tract 324.02, King County, Washington",2458,2410,15,2345,50,48,5422,79.2,3.5,0
1400000US53033032500,"Census Tract 325, King County, Washington",2002,1936,21,1809,106,66,4390,70.6,2.3,8.2
1400000US53033032601,"Census Tract 326.01, King County, Washington",1153,1130,0,1122,8,23,2622,68.6,4.1,0
1400000US53033032602,"Census Tract 326.02, King County, Washington",4474,4441,0,4394,47,33,9636,74.9,3.3,45.5
1400000US53033032702,"Census Tract 327.02, King County, Washington",2497,2484,14,2405,65,13,5355,75.6,1.1,10.6
1400000US53033032703,"Census Tract 327.03, King County, Washington",871,849,6,790,53,22,1814,79.7,5.5,0
1400000US53033032704,"Census Tract 327.04, King County, Washington",2499,2407,15,2141,251,92,5470,70.1,6,8.6
1400000US53033032800,"Census Tract 328, King County, Washington",983,940,0,867,73,43,1998,69.1,2.3,0
1400000US53053060200,"Census Tract 602, Pierce County, Washington",583,580,0,551,29,3,2374,40.2,13.7,60.1
1400000US53053060300,"Census Tract 603, Pierce County, Washington",2036,1739,21,1625,93,297,3904,57.3,4.2,51.6
1400000US53053060400,"Census Tract 604, Pierce County, Washington",1584,1488,0,1423,65,96,3192,68.9,3.4,56.5
1400000US53053060500,"Census Tract 605, Pierce County, Washington",1712,1704,13,1634,57,8,3388,74.5,2.5,16.4
1400000US53053060600,"Census Tract 606, Pierce County, Washington",2703,2668,0,2444,224,35,4821,74.9,4.4,30.5
1400000US53053060700,"Census Tract 607, Pierce County, Washington",2453,2220,0,2058,162,233,6153,70.3,3.8,6.5
1400000US53053060800,"Census Tract 608, Pierce County, Washington",2296,2224,0,2165,59,72,4398,69.8,1,0
1400000US53053060903,"Census Tract 609.03, Pierce County, Washington",1442,1327,16,1217,94,115,2824,56.9,9.3,73.3
1400000US53053060904,"Census Tract 609.04, Pierce County, Washington",2228,2039,0,1947,92,189,4150,64.8,7.8,41.9
1400000US53053060905,"Census Tract 609.05, Pierce County, Washington",3023,2533,20,2249,264,490,5416,59.1,6.2,17.9
1400000US53053060906,"Census Tract 609.06, Pierce County, Washington",940,836,13,762,61,104,1883,56,1.1,0
1400000US53053061001,"Census Tract 610.01, Pierce County, Washington",1740,1613,19,1454,140,127,3476,61.5,6.9,18.1
1400000US53053061002,"Census Tract 610.02, Pierce County, Washington",2168,1747,0,1566,181,421,3793,54.8,5.5,20.5
1400000US53053061100,"Census Tract 611, Pierce County, Washington",2776,2477,46,2216,215,299,5239,68.6,6.2,26.3
1400000US53053061200,"Census Tract 612, Pierce County, Washington",2138,1848,0,1671,177,290,4460,66.8,6,7.4
1400000US53053061300,"Census Tract 613, Pierce County, Washington",1827,1732,18,1422,292,95,3948,70.9,12.8,29
1400000US53053061400,"Census Tract 614, Pierce County, Washington",1391,1107,0,800,307,284,3001,42.4,11.1,26.2
1400000US53053061500,"Census Tract 615, Pierce County, Washington",3142,2840,12,2389,439,302,4541,71.2,4.2,25.4
1400000US53053061601,"Census Tract 616.01, Pierce County, Washington",1304,1109,0,945,164,195,1799,54.1,8.4,19.8
1400000US53053061602,"Census Tract 616.02, Pierce County, Washington",423,391,0,339,52,32,766,64.1,13.9,50.9
1400000US53053061700,"Census Tract 617, Pierce County, Washington",1840,1592,0,1365,227,248,3936,65.5,9.8,41.9
1400000US53053061800,"Census Tract 618, Pierce County, Washington",1080,891,0,700,191,189,2175,60.4,3.2,14.5
1400000US53053061900,"Census Tract 619, Pierce County, Washington",801,734,0,603,131,67,1502,55.4,6.9,35.9
1400000US53053062000,"Census Tract 620, Pierce County, Washington",1655,1402,35,1118,249,253,3361,64.5,8.2,43
1400000US53053062300,"Census Tract 623, Pierce County, Washington",1817,1617,10,1382,225,200,4478,67.3,3.3,15.5
1400000US53053062400,"Census Tract 624, Pierce County, Washington",2156,1936,54,1619,263,220,4683,71.5,8.1,41.8
1400000US53053062500,"Census Tract 625, Pierce County, Washington",2542,2429,0,2153,276,113,5898,59.5,5,33.1
1400000US53053062600,"Census Tract 626, Pierce County, Washington",1682,1432,0,1160,272,250,2951,69,4.9,8
1400000US53053062801,"Census Tract 628.01, Pierce County, Washington",2826,2561,0,2190,371,265,5189,70.5,10.1,26.1
1400000US53053062802,"Census Tract 628.02, Pierce County, Washington",1450,1366,0,1245,121,84,3319,69.5,6.6,29.5
1400000US53053062900,"Census Tract 629, Pierce County, Washington",3122,2818,30,2483,305,304,6226,74.6,4.8,8.1
1400000US53053063000,"Census Tract 630, Pierce County, Washington",1172,1071,6,976,89,101,2447,74,2.3,6.9
1400000US53053063100,"Census Tract 631, Pierce County, Washington",1599,1363,0,1263,100,236,3835,64.2,7.2,36.2
1400000US53053063200,"Census Tract 632, Pierce County, Washington",1859,1716,8,1414,294,143,4307,65.1,3.9,10.3
1400000US53053063300,"Census Tract 633, Pierce County, Washington",2631,2193,23,1956,214,438,6952,65.4,4.1,13.9
1400000US53053063400,"Census Tract 634, Pierce County, Washington",2938,2496,30,2266,200,442,5832,58.1,3.3,22.7
1400000US53053063501,"Census Tract 635.01, Pierce County, Washington",1620,1350,16,1128,206,270,3186,57.1,4.5,4.5
1400000US53053063502,"Census Tract 635.02, Pierce County, Washington",1701,1567,0,1409,158,134,3800,63,4.6,18.7
1400000US53053070100,"Census Tract 701, Pierce County, Washington",1250,1131,0,1047,84,119,2871,64.8,1.4,0
1400000US53053070203,"Census Tract 702.03, Pierce County, Washington",2472,2370,0,2284,86,102,5373,73.2,1.7,19.6
1400000US53053070204,"Census Tract 702.04, Pierce County, Washington",1369,1271,11,1239,21,98,3173,72.5,5,20.4
1400000US53053070205,"Census Tract 702.05, Pierce County, Washington",1139,1042,20,968,54,97,2717,71.7,7.5,0
1400000US53053070206,"Census Tract 702.06, Pierce County, Washington",1520,1444,2,1228,214,76,3528,67,11.1,42
1400000US53053070207,"Census Tract 702.07, Pierce County, Washington",2146,1889,9,1783,97,257,4249,63.8,2.4,19.1
1400000US53053070307,"Census Tract 703.07, Pierce County, Washington",1813,1699,17,1597,85,114,4034,66.6,5.2,13.9
1400000US53053070308,"Census Tract 703.08, Pierce County, Washington",1442,1415,0,1379,36,27,3246,72.9,6.2,62.5
1400000US53053070309,"Census Tract 703.09, Pierce County, Washington",2135,1927,0,1723,204,208,4328,68,1,18.8
1400000US53053070310,"Census Tract 703.10, Pierce County, Washington",1712,1646,0,1574,72,66,3891,63.4,3.5,15.3
1400000US53053070311,"Census Tract 703.11, Pierce County, Washington",1661,1629,0,1606,23,32,3789,72.5,3.5,0
1400000US53053070312,"Census Tract 703.12, Pierce County, Washington",1964,1943,14,1902,27,21,4695,72.6,3,8
1400000US53053070313,"Census Tract 703.13, Pierce County, Washington",2162,2138,13,2080,45,24,5022,71,3.6,17
1400000US53053070314,"Census Tract 703.14, Pierce County, Washington",1181,1160,0,1133,27,21,2711,73.8,2.1,0
1400000US53053070315,"Census Tract 703.15, Pierce County, Washington",2302,2275,11,2108,156,27,4787,77.9,2.1,0
1400000US53053070316,"Census Tract 703.16, Pierce County, Washington",2369,2322,0,2218,104,47,4478,70.5,0.7,45.8
1400000US53053070401,"Census Tract 704.01, Pierce County, Washington",815,748,0,688,60,67,1610,63.7,4.8,0
1400000US53053070403,"Census Tract 704.03, Pierce County, Washington",1588,1475,6,1402,67,113,3300,60.8,4.4,56.3
1400000US53053070404,"Census Tract 704.04, Pierce County, Washington",1677,1623,0,1545,78,54,3910,70.4,6.1,32.1
1400000US53053070703,"Census Tract 707.03, Pierce County, Washington",2429,2219,12,1898,309,210,5023,71.3,3.9,28.6
1400000US53053071100,"Census Tract 711, Pierce County, Washington",920,803,11,763,29,117,1927,55.5,5,32.7
1400000US53053071205,"Census Tract 712.05, Pierce County, Washington",1827,1669,8,1597,64,158,4139,58,5,33.9
1400000US53053071206,"Census Tract 712.06, Pierce County, Washington",2438,2347,0,2239,108,91,5417,69.4,8.6,63.3
1400000US53053071207,"Census Tract 712.07, Pierce County, Washington",2532,2388,0,2016,372,144,5195,64.2,12,34.6
1400000US53053071208,"Census Tract 712.08, Pierce County, Washington",3008,2654,16,2517,121,354,6145,61.8,10.3,38.9
1400000US53053071209,"Census Tract 712.09, Pierce County, Washington",1347,1324,0,1323,1,23,3020,68,8.1,23.9
1400000US53053071210,"Census Tract 712.10, Pierce County, Washington",1826,1818,10,1715,93,8,4285,66.2,4.4,26.1
1400000US53053071304,"Census Tract 713.04, Pierce County, Washington",2380,2236,0,2070,166,144,5034,70.2,8.3,25.4
1400000US53053071305,"Census Tract 713.05, Pierce County, Washington",1320,1146,0,1061,85,174,3261,62.8,8.1,51.7
1400000US53053071306,"Census Tract 713.06, Pierce County, Washington",2236,2043,12,1918,113,193,5307,59.8,3.7,0
1400000US53053071307,"Census Tract 713.07, Pierce County, Washington",1827,1731,0,1683,48,96,3821,65,5.4,35.4
1400000US53053071309,"Census Tract 713.09, Pierce County, Washington",1468,1381,18,1294,69,87,3481,71.6,7,34.6
1400000US53053071310,"Census Tract 713.10, Pierce County, Washington",1954,1916,0,1898,18,38,4462,69.5,4.9,31.1
1400000US53053071403,"Census Tract 714.03, Pierce County, Washington",1518,1425,10,1338,77,93,3422,61.3,7.2,41.6
1400000US53053071406,"Census Tract 714.06, Pierce County, Washington",2593,2548,14,2404,130,45,6097,69.7,10.8,34.7
1400000US53053071407,"Census Tract 714.07, Pierce County, Washington",2204,2121,19,1950,152,83,5240,72.7,5.9,0
1400000US53053071408,"Census Tract 714.08, Pierce County, Washington",1403,1305,0,1229,76,98,3439,61.6,11.5,42.1
1400000US53053071409,"Census Tract 714.09, Pierce County, Washington",1572,1434,7,1267,160,138,3277,62.3,7,31.4
1400000US53053071410,"Census Tract 714.10, Pierce County, Washington",2698,2537,0,2272,265,161,6055,58.5,4,53
1400000US53053071411,"Census Tract 714.11, Pierce County, Washington",2030,1943,0,1838,105,87,4637,68.3,5.2,21.1
1400000US53053071503,"Census Tract 715.03, Pierce County, Washington",2059,1914,0,1713,201,145,4387,62.8,14.4,27.1
1400000US53053071504,"Census Tract 715.04, Pierce County, Washington",1607,1417,14,1184,219,190,5149,60.6,14,34.4
1400000US53053071505,"Census Tract 715.05, Pierce County, Washington",1948,1802,7,1668,127,146,4356,63.2,3.6,0
1400000US53053071506,"Census Tract 715.06, Pierce County, Washington",1961,1819,5,1760,54,142,4193,56.9,4.3,0
1400000US53053071601,"Census Tract 716.01, Pierce County, Washington",1854,1562,0,1202,360,292,3882,67.1,9.4,54.1
1400000US53053071602,"Census Tract 716.02, Pierce County, Washington",2990,2607,38,2412,157,383,6078,67.8,8.7,26.6
1400000US53053071703,"Census Tract 717.03, Pierce County, Washington",1542,1240,11,1081,148,302,2916,62.1,2.4,17.7
1400000US53053071704,"Census Tract 717.04, Pierce County, Washington",1728,1521,22,1198,301,207,3420,73.9,9.4,16.4
1400000US53053071705,"Census Tract 717.05, Pierce County, Washington",1295,1178,0,1030,148,117,2801,64.7,9.8,17.7
1400000US53053071706,"Census Tract 717.06, Pierce County, Washington",748,647,0,564,83,101,1389,70.1,9.1,40.2
1400000US53053071707,"Census Tract 717.07, Pierce County, Washington",1035,890,0,782,108,145,1979,65.6,5.2,4.5
1400000US53053071803,"Census Tract 718.03, Pierce County, Washington",2402,2248,16,2017,215,154,4295,70.2,4.5,38.9
1400000US53053071805,"Census Tract 718.05, Pierce County, Washington",1476,1301,12,1065,224,175,3045,65.8,3.1,13.5
1400000US53053071806,"Census Tract 718.06, Pierce County, Washington",1694,1319,11,1033,275,375,2793,66.3,16.7,40
1400000US53053071807,"Census Tract 718.07, Pierce County, Washington",1559,1422,0,1216,206,137,2884,65,7.7,21.1
1400000US53053071808,"Census Tract 718.08, Pierce County, Washington",1616,1366,0,1214,152,250,3385,57.3,12,12.5
1400000US53053071901,"Census Tract 719.01, Pierce County, Washington",2284,1968,0,1727,241,316,4184,54.9,11.1,55.6
1400000US53053071902,"Census Tract 719.02, Pierce County, Washington",2266,2127,30,2024,73,139,4644,59.4,7.4,0
1400000US53053072000,"Census Tract 720, Pierce County, Washington",1934,1743,17,1522,204,191,3340,62.8,14.7,68.5
1400000US53053072105,"Census Tract 721.05, Pierce County, Washington",1800,1735,6,1635,94,65,4827,41.7,3.3,0
1400000US53053072106,"Census Tract 721.06, Pierce County, Washington",2975,2767,17,2422,328,208,5852,60.5,6.3,15.7
1400000US53053072107,"Census Tract 721.07, Pierce County, Washington",1733,1558,0,1533,25,175,3573,60.8,4.7,33.8
1400000US53053072108,"Census Tract 721.08, Pierce County, Washington",2014,1726,0,1653,73,288,3937,61.3,2.5,0
1400000US53053072109,"Census Tract 721.09, Pierce County, Washington",1454,1381,9,1345,27,73,2763,57.8,2.6,10.5
1400000US53053072111,"Census Tract 721.11, Pierce County, Washington",1009,935,0,849,86,74,2248,58.4,8.3,30.5
1400000US53053072112,"Census Tract 721.12, Pierce County, Washington",1893,1744,5,1670,69,149,3713,64.5,3.1,10.3
1400000US53053072305,"Census Tract 723.05, Pierce County, Washington",2407,2313,30,2164,119,94,4729,64.3,7.6,7.2
1400000US53053072307,"Census Tract 723.07, Pierce County, Washington",1928,1759,0,1625,134,169,3722,59.1,5.6,41.9
1400000US53053072308,"Census Tract 723.08, Pierce County, Washington",2942,2821,13,2667,141,121,6558,59.5,4.3,16.1
1400000US53053072309,"Census Tract 723.09, Pierce County, Washington",2531,2449,0,2407,42,82,5279,68.2,3.9,34.7
1400000US53053072310,"Census Tract 723.10, Pierce County, Washington",1653,1511,0,1452,59,142,3208,65.7,9.8,56.9
1400000US53053072311,"Census Tract 723.11, Pierce County, Washington",2026,1840,0,1755,85,186,3706,64.1,3.8,25.8
1400000US53053072312,"Census Tract 723.12, Pierce County, Washington",2214,2128,0,1995,133,86,4455,71.9,0.9,0
1400000US53053072313,"Census Tract 723.13, Pierce County, Washington",1368,1240,10,1165,65,128,2914,62.9,6.2,62.7
1400000US53053072405,"Census Tract 724.05, Pierce County, Washington",1558,1539,0,1480,59,19,3321,59.4,1.9,18
1400000US53053072406,"Census Tract 724.06, Pierce County, Washington",2187,2092,0,2061,31,95,5052,62.9,2.2,0
1400000US53053072407,"Census Tract 724.07, Pierce County, Washington",1981,1903,0,1806,97,78,3708,63.3,3.5,9.7
1400000US53053072408,"Census Tract 724.08, Pierce County, Washington",2447,2368,0,2307,61,79,4793,55.9,9.6,0
1400000US53053072409,"Census Tract 724.09, Pierce County, Washington",953,931,4,870,57,22,2140,60.6,5.7,14
1400000US53053072410,"Census Tract 724.10, Pierce County, Washington",1408,1370,9,1291,70,38,3050,54.1,8.2,52.4
1400000US53053072503,"Census Tract 725.03, Pierce County, Washington",1609,1538,9,1461,68,71,3676,58.4,6.8,51.4
1400000US53053072504,"Census Tract 725.04, Pierce County, Washington",1478,1425,24,1374,27,53,4409,43.9,4.5,43.3
1400000US53053072505,"Census Tract 725.05, Pierce County, Washington",3430,3200,65,2938,197,230,6883,57,3.6,52.4
1400000US53053072506,"Census Tract 725.06, Pierce County, Washington",1399,1359,7,1266,86,40,2977,55.7,2.9,0
1400000US53053072507,"Census Tract 725.07, Pierce County, Washington",1374,1280,10,1202,68,94,2527,49.3,5.2,0
1400000US53053072601,"Census Tract 726.01, Pierce County, Washington",2003,1914,57,1808,49,89,4687,64.7,9.1,26
1400000US53053072602,"Census Tract 726.02, Pierce County, Washington",1525,1441,9,1285,147,84,3357,51.8,7.2,31.4
1400000US53053072603,"Census Tract 726.03, Pierce County, Washington",2096,1899,0,1770,129,197,4240,51.8,3.1,0
1400000US53053072800,"Census Tract 728, Pierce County, Washington",3631,3464,0,3412,52,167,6652,69.9,7.9,30.8
1400000US53053072901,"Census Tract 729.01, Pierce County, Washington",793,793,0,746,47,0,2121,77.4,7,14.7
1400000US53053072903,"Census Tract 729.03, Pierce County, Washington",944,944,0,935,9,0,4064,83.8,4.6,0
1400000US53053072905,"Census Tract 729.05, Pierce County, Washington",1769,1752,0,1583,169,17,3668,70.3,5.3,21.4
1400000US53053072906,"Census Tract 729.06, Pierce County, Washington",8,8,0,8,0,0,1631,99.5,0,-
1400000US53053072907,"Census Tract 729.07, Pierce County, Washington",1446,1388,0,1209,179,58,3367,70,8.2,10.3
1400000US53053073001,"Census Tract 730.01, Pierce County, Washington",2311,2123,35,1860,228,188,4920,57.6,5,17.7
1400000US53053073005,"Census Tract 730.05, Pierce County, Washington",1924,1845,18,1696,131,79,4230,57.2,4.6,-
1400000US53053073006,"Census Tract 730.06, Pierce County, Washington",1463,1279,34,1147,98,184,3078,60,12.8,0
1400000US53053073108,"Census Tract 731.08, Pierce County, Washington",2942,2910,13,2649,248,32,6930,66.4,4.2,17
1400000US53053073110,"Census Tract 731.10, Pierce County, Washington",1353,1321,8,1256,57,32,3149,59.9,5.7,0
1400000US53053073111,"Census Tract 731.11, Pierce County, Washington",1436,1381,0,1337,44,55,3245,68,6.4,0
1400000US53053073113,"Census Tract 731.13, Pierce County, Washington",2267,2067,0,1956,111,200,5087,61.9,5.6,40.5
1400000US53053073114,"Census Tract 731.14, Pierce County, Washington",1860,1689,10,1569,110,171,4044,59.6,4.2,11.6
1400000US53053073115,"Census Tract 731.15, Pierce County, Washington",1514,1357,0,1271,86,157,3775,61.5,6.9,26.6
1400000US53053073116,"Census Tract 731.16, Pierce County, Washington",1594,1547,10,1428,109,47,3936,61,4.2,5.4
1400000US53053073117,"Census Tract 731.17, Pierce County, Washington",1291,1165,0,1066,99,126,2882,60.1,5.2,0
1400000US53053073118,"Census Tract 731.18, Pierce County, Washington",1523,1472,0,1424,48,51,3351,64.6,3.9,10.9
1400000US53053073119,"Census Tract 731.19, Pierce County, Washington",1142,1111,11,989,111,31,2636,59.8,1.8,0
1400000US53053073120,"Census Tract 731.20, Pierce County, Washington",1414,1389,0,1276,113,25,3115,69.6,6.7,15.7
1400000US53053073121,"Census Tract 731.21, Pierce County, Washington",1633,1610,0,1530,80,23,3569,70,5.8,0
1400000US53053073122,"Census Tract 731.22, Pierce County, Washington",1820,1774,0,1650,124,46,3996,74.6,11.7,12.6
1400000US53053073123,"Census Tract 731.23, Pierce County, Washington",1614,1544,0,1467,77,70,3880,68.3,4.9,22.6
1400000US53053073124,"Census Tract 731.24, Pierce County, Washington",1269,1205,0,1126,79,64,2553,63.2,4.7,40.5
1400000US53053073125,"Census Tract 731.25, Pierce County, Washington",3684,3448,0,3392,56,236,8663,66.6,6.8,12.3
1400000US53053073126,"Census Tract 731.26, Pierce County, Washington",1171,1112,6,1043,63,59,2880,62.9,1.3,0
1400000US53053073200,"Census Tract 732, Pierce County, Washington",2515,2182,17,2002,163,333,4782,58,8.2,51.6
1400000US53053073301,"Census Tract 733.01, Pierce County, Washington",2390,2173,0,1978,195,217,4398,65.1,5.7,0
1400000US53053073302,"Census Tract 733.02, Pierce County, Washington",1731,1589,0,1440,149,142,3556,63.3,2.7,19.8
1400000US53053073404,"Census Tract 734.04, Pierce County, Washington",2516,2231,0,2113,118,285,5407,62.8,5.4,51.8
1400000US53053073405,"Census Tract 734.05, Pierce County, Washington",1422,1241,0,1029,212,181,2909,56.8,11.8,41.9
1400000US53053073406,"Census Tract 734.06, Pierce County, Washington",2332,2276,41,2134,101,56,4605,65.6,2.6,6.7
1400000US53053073407,"Census Tract 734.07, Pierce County, Washington",1418,1194,0,1100,94,224,2711,63.4,4.1,0
1400000US53053073408,"Census Tract 734.08, Pierce County, Washington",1689,1503,0,1416,87,186,3278,68.3,4,37.5
1400000US53053073500,"Census Tract 735, Pierce County, Washington",2874,2759,14,2635,110,115,6556,66.5,3.9,46.9
1400000US53053940001,"Census Tract 9400.01, Pierce County, Washington",1082,1055,4,1032,19,27,2320,64.9,3.5,60.9
1400000US53053940002,"Census Tract 9400.02, Pierce County, Washington",1469,1383,21,1218,144,86,3560,66.5,4.1,14.4
1400000US53053940003,"Census Tract 9400.03, Pierce County, Washington",2822,2733,3,2473,257,89,5725,75.9,4.6,18.5
1400000US53053940004,"Census Tract 9400.04, Pierce County, Washington",2611,2477,19,2272,186,134,5352,60.5,6.4,46.5
1400000US53053940005,"Census Tract 9400.05, Pierce County, Washington",2026,1964,10,1789,165,62,4730,73.5,7.2,37.3
1400000US53053940006,"Census Tract 9400.06, Pierce County, Washington",1063,887,2,701,184,176,2036,55.5,9.8,35.8
1400000US53053940007,"Census Tract 9400.07, Pierce County, Washington",973,844,6,748,90,129,2370,63.3,8.7,32.8
1400000US53053940008,"Census Tract 9400.08, Pierce County, Washington",2324,2246,0,2151,95,78,4800,69,4.8,26.3
1400000US53053940009,"Census Tract 9400.09, Pierce County, Washington",1122,1004,7,914,83,118,2377,65.6,2.5,27.3
1400000US53053940010,"Census Tract 9400.10, Pierce County, Washington",1843,1603,11,1498,94,240,3821,63.8,3.6,39.6
1400000US53053940011,"Census Tract 9400.11, Pierce County, Washington",1621,1592,3,1563,26,29,3559,61.5,3.4,44.2
1400000US53061040100,"Census Tract 401, Snohomish County, Washington",1616,1570,0,1455,115,46,4188,74.1,9,65.9
1400000US53061040200,"Census Tract 402, Snohomish County, Washington",2479,2093,14,1800,279,386,4989,58.1,8.2,31
1400000US53061040300,"Census Tract 403, Snohomish County, Washington",1355,1211,0,1081,130,144,2511,69.3,4.6,63.6
1400000US53061040400,"Census Tract 404, Snohomish County, Washington",1907,1775,0,1644,131,132,4057,74,7.8,24.2
1400000US53061040500,"Census Tract 405, Snohomish County, Washington",942,880,5,832,43,62,1957,69.9,5,9.5
1400000US53061040700,"Census Tract 407, Snohomish County, Washington",1853,1458,0,1268,190,395,3917,46.1,11.5,40.2
1400000US53061040800,"Census Tract 408, Snohomish County, Washington",1416,1267,0,1159,108,149,2519,66.1,6.4,10
1400000US53061040900,"Census Tract 409, Snohomish County, Washington",1224,1175,0,1108,67,49,2500,66.1,3,5.3
1400000US53061041000,"Census Tract 410, Snohomish County, Washington",2347,2133,0,2014,119,214,4600,65.2,6.8,19.4
1400000US53061041100,"Census Tract 411, Snohomish County, Washington",1847,1688,6,1573,109,159,3587,67.5,7.9,63.6
1400000US53061041201,"Census Tract 412.01, Snohomish County, Washington",1201,1136,9,1045,82,65,2603,64.3,5.9,37.9
1400000US53061041202,"Census Tract 412.02, Snohomish County, Washington",2186,2014,0,1895,119,172,4545,67.7,9.8,25.1
1400000US53061041301,"Census Tract 413.01, Snohomish County, Washington",2209,2142,0,2127,15,67,4537,60.5,5.7,0
1400000US53061041303,"Census Tract 413.03, Snohomish County, Washington",1821,1764,0,1709,55,57,3746,66.9,3.6,30.6
1400000US53061041304,"Census Tract 413.04, Snohomish County, Washington",1115,1082,0,1054,28,33,2556,64,1.8,32.7
1400000US53061041400,"Census Tract 414, Snohomish County, Washington",2209,2000,0,1942,58,209,4712,73,6.1,41.3
1400000US53061041500,"Census Tract 415, Snohomish County, Washington",489,471,0,415,56,18,1119,69.2,8,16.7
1400000US53061041601,"Census Tract 416.01, Snohomish County, Washington",2107,2037,0,1909,128,70,5058,66.8,3.3,0
1400000US53061041605,"Census Tract 416.05, Snohomish County, Washington",2209,2176,17,2076,83,33,5468,71.5,6.1,35.1
1400000US53061041606,"Census Tract 416.06, Snohomish County, Washington",2009,1858,0,1651,207,151,4490,69.1,3.2,22
1400000US53061041607,"Census Tract 416.07, Snohomish County, Washington",1288,1252,0,1222,30,36,3225,71.1,4.3,100
1400000US53061041608,"Census Tract 416.08, Snohomish County, Washington",2276,2215,0,2174,41,61,5322,69.3,2.5,0
1400000US53061041701,"Census Tract 417.01, Snohomish County, Washington",2569,2322,9,2075,238,247,4867,62.9,4.8,68
1400000US53061041703,"Census Tract 417.03, Snohomish County, Washington",2125,2037,0,1930,107,88,4710,72.3,5.8,47.8
1400000US53061041704,"Census Tract 417.04, Snohomish County, Washington",2297,2210,0,2139,71,87,4574,75.7,3.5,39.2
1400000US53061041805,"Census Tract 418.05, Snohomish County, Washington",2521,2333,0,2213,120,188,5226,65.7,2.9,0
1400000US53061041806,"Census Tract 418.06, Snohomish County, Washington",3082,2935,0,2614,321,147,6529,74.7,7.7,32.5
1400000US53061041808,"Census Tract 418.08, Snohomish County, Washington",1657,1473,0,1430,43,184,3288,63.6,2.9,20.6
1400000US53061041809,"Census Tract 418.09, Snohomish County, Washington",2011,1918,0,1698,220,93,4268,70.3,13.2,36.6
1400000US53061041810,"Census Tract 418.10, Snohomish County, Washington",2245,2154,0,2101,53,91,4297,75,11.4,83.5
1400000US53061041811,"Census Tract 418.11, Snohomish County, Washington",2703,2618,15,2427,176,85,5796,75.7,5.2,29
1400000US53061041812,"Census Tract 418.12, Snohomish County, Washington",2553,2345,0,2042,303,208,5440,64.8,4.4,32
1400000US53061041901,"Census Tract 419.01, Snohomish County, Washington",1928,1875,0,1732,143,53,4257,63.1,3.8,10.7
1400000US53061041903,"Census Tract 419.03, Snohomish County, Washington",3109,2912,0,2796,116,197,5848,70,4.3,14
1400000US53061041904,"Census Tract 419.04, Snohomish County, Washington",2292,2081,0,1764,317,211,3938,75.2,4.3,13.7
1400000US53061041905,"Census Tract 419.05, Snohomish County, Washington",2386,2265,0,2018,247,121,5081,77,3.8,16.8
1400000US53061042001,"Census Tract 420.01, Snohomish County, Washington",2339,2158,14,2081,63,181,5017,65.4,5.3,0
1400000US53061042003,"Census Tract 420.03, Snohomish County, Washington",1151,1133,10,1123,0,18,2491,74.1,5.3,0
1400000US53061042004,"Census Tract 420.04, Snohomish County, Washington",1659,1525,20,1419,86,134,3520,72.9,4.8,33.3
1400000US53061042005,"Census Tract 420.05, Snohomish County, Washington",1954,1939,0,1877,62,15,4386,69.3,4.3,39.7
1400000US53061042006,"Census Tract 420.06, Snohomish County, Washington",2115,2102,22,2058,22,13,3887,72.6,3.5,0
1400000US53061050101,"Census Tract 501.01, Snohomish County, Washington",992,961,0,935,26,31,2513,69.6,3.7,42.9
1400000US53061050102,"Census Tract 501.02, Snohomish County, Washington",2328,2224,35,1934,255,104,5253,70.1,4.5,3.3
1400000US53061050200,"Census Tract 502, Snohomish County, Washington",1597,1580,0,1526,54,17,3718,62.3,7,36.4
1400000US53061050300,"Census Tract 503, Snohomish County, Washington",1964,1906,0,1891,15,58,4660,60.7,3.4,0
1400000US53061050401,"Census Tract 504.01, Snohomish County, Washington",2887,2836,25,2699,112,51,5739,70.7,2.5,0
1400000US53061050402,"Census Tract 504.02, Snohomish County, Washington",2392,2285,20,2139,126,107,4873,67.3,3,0
1400000US53061050500,"Census Tract 505, Snohomish County, Washington",3754,3404,16,3168,220,350,6288,47.7,2.9,48.7
1400000US53061050600,"Census Tract 506, Snohomish County, Washington",421,405,5,394,6,16,919,59.5,3.7,61.5
1400000US53061050700,"Census Tract 507, Snohomish County, Washington",2666,2545,12,2440,93,121,5519,73.3,2.1,9.5
1400000US53061050800,"Census Tract 508, Snohomish County, Washington",2628,2537,13,2482,42,91,5570,70.2,4.9,18.1
1400000US53061050900,"Census Tract 509, Snohomish County, Washington",1411,1358,0,1234,124,53,2898,75.9,7.7,42
1400000US53061051000,"Census Tract 510, Snohomish County, Washington",1729,1664,11,1555,98,65,3767,73.9,5.8,8.3
1400000US53061051100,"Census Tract 511, Snohomish County, Washington",1680,1469,8,1372,89,211,3401,67,1.6,40
1400000US53061051200,"Census Tract 512, Snohomish County, Washington",1716,1651,0,1549,102,65,3653,73.2,1.9,14.5
1400000US53061051300,"Census Tract 513, Snohomish County, Washington",2896,2850,9,2765,76,46,5868,70.7,2,12.3
1400000US53061051400,"Census Tract 514, Snohomish County, Washington",3287,2905,25,2661,219,382,6179,67.4,1.2,0
1400000US53061051500,"Census Tract 515, Snohomish County, Washington",2193,1921,0,1867,54,272,4738,58.3,4.4,13.1
1400000US53061051601,"Census Tract 516.01, Snohomish County, Washington",1633,1543,0,1492,51,90,3606,65.8,8.2,5
1400000US53061051602,"Census Tract 516.02, Snohomish County, Washington",1528,1506,49,1342,115,22,3425,60.9,8.2,48.8
1400000US53061051701,"Census Tract 517.01, Snohomish County, Washington",2377,2130,25,1851,254,247,5150,66.3,2,6.1
1400000US53061051702,"Census Tract 517.02, Snohomish County, Washington",1773,1620,0,1527,93,153,3913,60.2,1.9,22.6
1400000US53061051802,"Census Tract 518.02, Snohomish County, Washington",2264,2206,6,2057,143,58,4966,68.4,3.9,0
1400000US53061051803,"Census Tract 518.03, Snohomish County, Washington",2659,2565,0,2255,310,94,5341,68.5,9.9,46.4
1400000US53061051804,"Census Tract 518.04, Snohomish County, Washington",2213,2168,0,2070,98,45,4986,76.5,5.6,40
1400000US53061051905,"Census Tract 519.05, Snohomish County, Washington",3410,3258,35,3022,201,152,7933,70.7,8.2,52.3
1400000US53061051912,"Census Tract 519.12, Snohomish County, Washington",890,850,0,839,11,40,1957,71.7,4.1,84.4
1400000US53061051913,"Census Tract 519.13, Snohomish County, Washington",1623,1602,0,1564,38,21,3928,69.8,3.2,10.6
1400000US53061051914,"Census Tract 519.14, Snohomish County, Washington",1598,1541,0,1464,77,57,3397,64.2,3.8,0
1400000US53061051915,"Census Tract 519.15, Snohomish County, Washington",2569,2555,0,2371,184,14,6014,77.7,1.9,3.7
1400000US53061051916,"Census Tract 519.16, Snohomish County, Washington",1351,1315,9,1290,16,36,2982,74.8,2.9,12.5
1400000US53061051917,"Census Tract 519.17, Snohomish County, Washington",1540,1476,0,1429,47,64,3255,64.4,3.1,92.9
1400000US53061051918,"Census Tract 519.18, Snohomish County, Washington",1837,1711,0,1673,38,126,4137,64.4,1,0
1400000US53061051921,"Census Tract 519.21, Snohomish County, Washington",2086,2024,0,1967,57,62,4353,73,2.2,24
1400000US53061051922,"Census Tract 519.22, Snohomish County, Washington",1937,1902,0,1844,58,35,4511,74.4,1.7,9.5
1400000US53061051923,"Census Tract 519.23, Snohomish County, Washington",2380,2333,15,2232,86,47,5092,76.9,4,25.8
1400000US53061051924,"Census Tract 519.24, Snohomish County, Washington",2808,2710,0,2617,93,98,5410,67.4,1,0
1400000US53061051925,"Census Tract 519.25, Snohomish County, Washington",2907,2863,14,2793,56,44,6553,66.3,5.5,45.1
1400000US53061051926,"Census Tract 519.26, Snohomish County, Washington",1876,1810,0,1791,19,66,4432,67.9,3.4,6.8
1400000US53061051927,"Census Tract 519.27, Snohomish County, Washington",1972,1937,0,1822,115,35,4440,74.8,4.5,10.5
1400000US53061051928,"Census Tract 519.28, Snohomish County, Washington",2177,2130,0,1998,132,47,4655,70.3,4,34.6
1400000US53061052003,"Census Tract 520.03, Snohomish County, Washington",3344,3314,0,3179,135,30,7344,74.9,6.6,0
1400000US53061052004,"Census Tract 520.04, Snohomish County, Washington",2592,2489,36,2360,93,103,5425,65.2,2.1,0
1400000US53061052005,"Census Tract 520.05, Snohomish County, Washington",2551,2395,0,2312,83,156,4889,66.9,1.2,0
1400000US53061052006,"Census Tract 520.06, Snohomish County, Washington",1517,1508,7,1477,24,9,3517,68.1,2.2,0
1400000US53061052007,"Census Tract 520.07, Snohomish County, Washington",1830,1809,0,1693,116,21,4244,75.9,3.9,0
1400000US53061052104,"Census Tract 521.04, Snohomish County, Washington",1275,1229,0,1185,44,46,3028,72.2,6.3,25.5
1400000US53061052105,"Census Tract 521.05, Snohomish County, Washington",686,653,5,606,42,33,1462,65.5,3.5,0
1400000US53061052107,"Census Tract 521.07, Snohomish County, Washington",1747,1708,10,1656,42,39,4043,68.7,2.6,23.4
1400000US53061052108,"Census Tract 521.08, Snohomish County, Washington",2155,2155,53,2060,42,0,5418,68.5,4.8,30.5
1400000US53061052112,"Census Tract 521.12, Snohomish County, Washington",946,901,12,863,26,45,2142,65.5,5.1,78.8
1400000US53061052113,"Census Tract 521.13, Snohomish County, Washington",1109,1098,0,1061,37,11,2505,68.3,4.4,40
1400000US53061052114,"Census Tract 521.14, Snohomish County, Washington",1524,1524,0,1501,23,0,3573,73.1,3.8,-
1400000US53061052115,"Census Tract 521.15, Snohomish County, Washington",2309,2246,0,2192,54,63,5572,74.4,0.9,0
1400000US53061052118,"Census Tract 521.18, Snohomish County, Washington",2567,2486,0,2417,69,81,5915,70.5,3.6,0
1400000US53061052203,"Census Tract 522.03, Snohomish County, Washington",1912,1855,0,1794,61,57,4249,74.7,2.8,10.9
1400000US53061052204,"Census Tract 522.04, Snohomish County, Washington",1802,1802,0,1783,19,0,4518,73.8,3,0
1400000US53061052206,"Census Tract 522.06, Snohomish County, Washington",1667,1629,13,1580,36,38,3924,67.9,3.5,75.8
1400000US53061052207,"Census Tract 522.07, Snohomish County, Washington",2036,1942,0,1759,183,94,4714,71.5,4.3,0
1400000US53061052208,"Census Tract 522.08, Snohomish County, Washington",1648,1455,0,1348,107,193,3280,68.9,5.4,14.3
1400000US53061052209,"Census Tract 522.09, Snohomish County, Washington",986,912,0,817,95,74,5244,28.6,5.8,32.8
1400000US53061052301,"Census Tract 523.01, Snohomish County, Washington",1725,1702,7,1635,60,23,4409,69.7,4.3,54.5
1400000US53061052302,"Census Tract 523.02, Snohomish County, Washington",1451,1382,8,1306,68,69,3517,64.5,5.7,25.5
1400000US53061052401,"Census Tract 524.01, Snohomish County, Washington",1599,1415,14,1347,54,184,3476,63.7,5.4,6
1400000US53061052402,"Census Tract 524.02, Snohomish County, Washington",1860,1642,0,1452,190,218,3324,69.2,3.5,21.8
1400000US53061052502,"Census Tract 525.02, Snohomish County, Washington",1758,1639,0,1598,41,119,3928,67.5,4.4,17.8
1400000US53061052503,"Census Tract 525.03, Snohomish County, Washington",2692,2633,0,2491,142,59,5771,76.4,2.8,0
1400000US53061052504,"Census Tract 525.04, Snohomish County, Washington",929,872,0,839,33,57,2068,68.2,4.8,37.5
1400000US53061052603,"Census Tract 526.03, Snohomish County, Washington",878,819,0,760,59,59,1863,67.2,5.4,20
1400000US53061052604,"Census Tract 526.04, Snohomish County, Washington",1871,1814,28,1645,141,57,3754,71,3.1,27
1400000US53061052605,"Census Tract 526.05, Snohomish County, Washington",2143,1969,0,1830,139,174,4957,70.1,3.6,61.7
1400000US53061052606,"Census Tract 526.06, Snohomish County, Washington",1770,1700,38,1621,41,70,3848,66.3,1.1,13.6
1400000US53061052607,"Census Tract 526.07, Snohomish County, Washington",2056,2009,0,1858,151,47,4688,73.2,5.2,35.6
1400000US53061052701,"Census Tract 527.01, Snohomish County, Washington",564,554,10,515,29,10,1410,64.3,2.2,100
1400000US53061052705,"Census Tract 527.05, Snohomish County, Washington",2754,2633,19,2530,84,121,6594,65.6,6.3,25.8
1400000US53061052706,"Census Tract 527.06, Snohomish County, Washington",2104,2076,0,1987,89,28,4474,69.1,6.5,11.9
1400000US53061052707,"Census Tract 527.07, Snohomish County, Washington",1456,1424,0,1374,50,32,3227,74.5,2.5,100
1400000US53061052708,"Census Tract 527.08, Snohomish County, Washington",1839,1832,7,1783,42,7,4469,68.2,3.4,14.7
1400000US53061052709,"Census Tract 527.09, Snohomish County, Washington",1240,1229,0,1158,71,11,3025,65.7,2.4,0
1400000US53061052803,"Census Tract 528.03, Snohomish County, Washington",2201,2044,10,1913,121,157,4739,66,3.8,31.5
1400000US53061052804,"Census Tract 528.04, Snohomish County, Washington",2868,2735,14,2421,300,133,6047,68.9,6,7.9
1400000US53061052805,"Census Tract 528.05, Snohomish County, Washington",1757,1465,0,1422,43,292,3442,61.9,12.3,70.5
1400000US53061052806,"Census Tract 528.06, Snohomish County, Washington",2548,2513,0,2402,111,35,5795,68.5,4.6,53.6
1400000US53061052903,"Census Tract 529.03, Snohomish County, Washington",1811,1697,6,1492,199,114,3397,68.8,9.1,41.3
1400000US53061052904,"Census Tract 529.04, Snohomish County, Washington",2139,1979,17,1864,98,160,4534,62.1,1.2,0
1400000US53061052905,"Census Tract 529.05, Snohomish County, Washington",1872,1573,7,1467,99,299,3683,61.4,10,29.9
1400000US53061052906,"Census Tract 529.06, Snohomish County, Washington",1829,1668,0,1508,160,161,3955,63.4,3.5,0
1400000US53061053101,"Census Tract 531.01, Snohomish County, Washington",1511,1413,28,1302,83,98,3239,59.6,6.1,20
1400000US53061053102,"Census Tract 531.02, Snohomish County, Washington",1995,1882,0,1772,110,113,4462,65.8,3.9,30.4
1400000US53061053201,"Census Tract 532.01, Snohomish County, Washington",1723,1580,17,1440,123,143,3546,55.9,2.6,68.3
1400000US53061053202,"Census Tract 532.02, Snohomish County, Washington",1674,1619,16,1459,144,55,3910,62.6,0.6,0
1400000US53061053301,"Census Tract 533.01, Snohomish County, Washington",2581,2334,0,2151,183,247,5290,65.9,3.8,10.2
1400000US53061053302,"Census Tract 533.02, Snohomish County, Washington",2077,1916,0,1853,63,161,4528,65.3,4.7,0
1400000US53061053400,"Census Tract 534, Snohomish County, Washington",2163,2020,15,1833,172,143,5037,61.5,3.9,44.7
1400000US53061053504,"Census Tract 535.04, Snohomish County, Washington",2639,2288,0,2111,177,351,5098,67.1,5.8,0
1400000US53061053505,"Census Tract 535.05, Snohomish County, Washington",2010,1917,30,1763,124,93,4234,65,6.4,21.2
1400000US53061053506,"Census Tract 535.06, Snohomish County, Washington",1938,1770,13,1633,124,168,4461,62.1,2.9,0
1400000US53061053507,"Census Tract 535.07, Snohomish County, Washington",1768,1648,21,1597,30,120,4054,68.2,1.9,14.7
1400000US53061053508,"Census Tract 535.08, Snohomish County, Washington",1199,1180,0,1115,65,19,2748,58.3,9.1,78
1400000US53061053509,"Census Tract 535.09, Snohomish County, Washington",1585,1492,19,1323,150,93,3189,69.5,4.6,50.5
1400000US53061053602,"Census Tract 536.02, Snohomish County, Washington",2265,2110,11,1831,268,155,5189,59.4,3.2,38.4
1400000US53061053603,"Census Tract 536.03, Snohomish County, Washington",1537,1434,0,1331,103,103,3459,70,3.8,19.8
1400000US53061053604,"Census Tract 536.04, Snohomish County, Washington",1732,1474,0,1424,50,258,3441,66.6,3.3,23.5
1400000US53061053700,"Census Tract 537, Snohomish County, Washington",1244,1142,7,975,160,102,2384,52,10.3,59.5
1400000US53061053801,"Census Tract 538.01, Snohomish County, Washington",1454,1370,23,1223,124,84,3108,63.5,4.7,2.5
1400000US53061053802,"Census Tract 538.02, Snohomish County, Washington",2198,1988,6,1838,144,210,4680,68.3,4.4,13.8
1400000US53061053803,"Census Tract 538.03, Snohomish County, Washington",2106,1875,14,1744,117,231,4061,64.6,4.9,21.7
1400000US53061940001,"Census Tract 9400.01, Snohomish County, Washington",2259,2112,17,1903,192,147,5209,59.4,9.1,55.6
1400000US53061940002,"Census Tract 9400.02, Snohomish County, Washington",1412,1291,0,1182,109,121,2957,58.4,6.1,51.1
